TeamName,Conference,PlayoffRank,SEASON,W_PCT,PLUS_MINUS,FG_PCT,FG3_PCT,FT_PCT,AST,REB,TOV,STL,BLK,AllStar_count,Finals_Appearances_Last5,ChampionNumber,Label
Bulls,East,1,1997,0.841,886.0,0.473,0.373,0.747,2142,3696,1109.0,717,332,2,3,4,1
Jazz,West,1,1997,0.78,721.0,0.504,0.37,0.769,2199,3299,1259.0,748,418,2,0,0,0
Rockets,West,2,1997,0.695,367.0,0.468,0.365,0.755,2013,3492,1365.0,688,347,1,2,2,0
Heat,East,2,1997,0.744,450.0,0.453,0.364,0.719,1735,3358,1306.0,651,439,1,0,0,0
SuperSonics,West,2,1997,0.695,633.0,0.467,0.353,0.752,1929,3280,1231.0,904,388,3,1,1,0
Knicks,East,3,1997,0.695,256.0,0.463,0.363,0.748,1809,3489,1462.0,630,378,0,1,2,0
Hawks,East,4,1997,0.683,446.0,0.446,0.36,0.763,1557,3371,1228.0,701,427,2,0,1,0
Lakers,West,4,1997,0.683,350.0,0.454,0.367,0.692,1844,3506,1222.0,740,575,1,0,11,0
Trail Blazers,West,5,1997,0.598,342.0,0.464,0.358,0.713,1709,3552,1357.0,640,434,0,0,1,0
Pistons,East,5,1997,0.659,430.0,0.464,0.388,0.745,1554,3150,1042.0,633,283,2,0,2,0
Hornets,East,5,1997,0.659,153.0,0.471,0.428,0.777,2021,3208,1203.0,597,349,1,0,0,0
Timberwolves,West,6,1997,0.488,-121.0,0.456,0.339,0.751,1874,3259,1243.0,618,557,2,0,0,0
Suns,West,6,1997,0.488,54.0,0.469,0.369,0.761,2067,3292,1180.0,664,322,0,1,0,0
Magic,East,7,1997,0.549,-29.0,0.437,0.341,0.746,1689,3292,1250.0,697,362,1,1,0,0
Clippers,West,8,1997,0.439,-193.0,0.446,0.354,0.731,1662,3334,1311.0,733,441,0,0,0,0
Bullets,East,8,1997,0.537,133.0,0.48,0.331,0.707,1921,3430,1290.0,715,402,1,0,1,0
Bulls,East,1,1998,0.756,583.0,0.451,0.323,0.743,1952,3681,1178.0,695,353,1,3,5,1
Jazz,West,1,1998,0.756,536.0,0.49,0.372,0.773,2070,3367,1259.0,648,412,1,1,0,0
Lakers,West,2,1998,0.744,635.0,0.481,0.351,0.679,2009,3550,1256.0,734,556,4,0,11,0
SuperSonics,West,2,1998,0.744,588.0,0.473,0.395,0.721,1986,3156,1145.0,804,376,2,1,1,0
Heat,East,2,1998,0.671,404.0,0.45,0.355,0.739,1758,3447,1226.0,665,429,1,0,0,0
Pacers,East,3,1998,0.707,499.0,0.469,0.39,0.764,1889,3222,1168.0,645,368,2,0,0,0
Spurs,West,4,1998,0.683,327.0,0.468,0.35,0.688,1839,3622,1318.0,516,568,2,0,0,0
Hornets,East,4,1998,0.622,164.0,0.468,0.383,0.751,1941,3326,1247.0,691,312,1,0,0,0
Suns,West,4,1998,0.683,425.0,0.468,0.356,0.749,2124,3443,1236.0,756,429,1,1,0,0
Hawks,East,5,1998,0.61,288.0,0.455,0.332,0.756,1569,3522,1214.0,648,491,2,0,1,0
Cavaliers,East,6,1998,0.573,224.0,0.454,0.372,0.756,1894,3286,1422.0,814,419,1,0,0,0
Trail Blazers,West,6,1998,0.561,115.0,0.451,0.309,0.737,1766,3608,1383.0,585,464,0,0,1,0
Nets,East,7,1998,0.524,129.0,0.441,0.331,0.744,1685,3481,1180.0,777,314,1,0,0,0
Knicks,East,7,1998,0.524,202.0,0.447,0.335,0.772,1787,3412,1247.0,634,278,0,1,2,0
Timberwolves,West,7,1998,0.549,58.0,0.461,0.347,0.743,2068,3492,1138.0,639,427,1,0,0,0
Rockets,West,8,1998,0.5,-62.0,0.452,0.343,0.771,1799,3337,1298.0,686,294,0,2,2,0
Pacers,East,1,1999,0.66,187.0,0.448,0.368,0.796,1005,2026,649.0,316,223,0,0,0,0
Spurs,West,1,1999,0.74,403.0,0.456,0.33,0.698,1101,2198,759.0,421,351,0,0,0,1
Jazz,West,1,1999,0.74,326.0,0.465,0.361,0.767,1204,2063,814.0,398,276,0,2,0,0
Heat,East,1,1999,0.66,248.0,0.453,0.359,0.735,1019,2015,744.0,327,304,0,0,0,0
Magic,East,1,1999,0.66,130.0,0.428,0.33,0.7,1067,2133,819.0,496,213,0,1,0,0
Trail Blazers,West,3,1999,0.7,318.0,0.442,0.364,0.743,1073,2216,771.0,411,290,0,0,1,0
Lakers,West,4,1999,0.62,151.0,0.468,0.352,0.683,1095,2099,754.0,389,287,0,0,11,0
Rockets,West,4,1999,0.62,116.0,0.462,0.368,0.729,1058,2076,812.0,386,260,0,2,2,0
Hawks,East,4,1999,0.62,145.0,0.409,0.306,0.731,781,2174,744.0,346,260,0,0,1,0
Pistons,East,5,1999,0.58,171.0,0.447,0.365,0.74,1009,2017,790.0,444,208,0,0,2,0
Suns,West,6,1999,0.54,113.0,0.449,0.372,0.76,1249,2016,681.0,444,200,0,0,0,0
76ers,East,6,1999,0.56,103.0,0.426,0.264,0.722,934,2157,822.0,542,271,0,0,3,0
Bucks,East,6,1999,0.56,83.0,0.459,0.373,0.733,1030,1939,719.0,442,202,0,0,1,0
Kings,West,6,1999,0.54,-21.0,0.445,0.308,0.683,1129,2279,842.0,444,232,0,0,1,0
Knicks,East,8,1999,0.54,51.0,0.435,0.353,0.732,963,2061,804.0,395,262,0,1,2,0
Timberwolves,West,8,1999,0.5,19.0,0.425,0.298,0.743,1218,2146,641.0,426,272,0,0,0,0
Lakers,West,1,2000,0.817,701.0,0.459,0.329,0.696,1921,3855,1143.0,613,534,2,0,11,1
Pacers,East,1,2000,0.683,377.0,0.459,0.392,0.811,1857,3454,1159.0,559,422,2,0,0,0
Jazz,West,2,2000,0.671,366.0,0.464,0.385,0.773,2041,3362,1220.0,629,446,2,2,0,0
Heat,East,2,2000,0.634,255.0,0.46,0.371,0.736,1931,3540,1231.0,582,524,1,0,0,0
Knicks,East,3,2000,0.61,120.0,0.455,0.375,0.781,1588,3323,1201.0,515,349,1,1,2,0
Trail Blazers,West,3,2000,0.72,525.0,0.47,0.361,0.76,1925,3526,1243.0,633,396,1,0,1,0
76ers,East,4,2000,0.598,110.0,0.442,0.323,0.708,1817,3615,1284.0,791,386,1,0,3,0
Spurs,West,4,2000,0.646,487.0,0.462,0.374,0.746,1819,3593,1233.0,614,551,2,1,1,0
Suns,West,4,2000,0.646,428.0,0.457,0.368,0.759,2098,3580,1368.0,744,433,1,0,0,0
Hornets,East,4,2000,0.598,219.0,0.449,0.339,0.758,2023,3519,1206.0,732,480,1,0,0,0
Timberwolves,West,6,2000,0.61,207.0,0.467,0.346,0.78,2205,3487,1139.0,622,444,1,0,0,0
Raptors,East,6,2000,0.549,-13.0,0.433,0.363,0.765,1947,3547,1137.0,666,544,1,0,0,0
Bucks,East,7,2000,0.512,18.0,0.465,0.369,0.786,1852,3389,1230.0,671,381,2,0,1,0
SuperSonics,West,7,2000,0.549,78.0,0.447,0.339,0.695,1878,3525,1152.0,657,345,1,1,1,0
Pistons,East,7,2000,0.512,118.0,0.459,0.359,0.781,1707,3375,1288.0,665,273,2,0,2,0
Kings,West,8,2000,0.537,239.0,0.45,0.322,0.754,1953,3691,1325.0,787,381,1,0,1,0
76ers,East,1,2001,0.683,351.0,0.447,0.326,0.745,1692,3675,1292.0,690,408,1,0,3,0
Spurs,West,1,2001,0.707,636.0,0.461,0.407,0.715,1778,3614,1145.0,568,576,2,1,1,0
Lakers,West,2,2001,0.683,277.0,0.465,0.344,0.683,1888,3668,1184.0,564,490,1,1,12,1
Bucks,East,2,2001,0.634,318.0,0.458,0.379,0.787,1844,3475,1123.0,672,386,2,0,1,0
Heat,East,3,2001,0.61,188.0,0.43,0.345,0.759,1630,3248,1122.0,633,304,1,0,0,0
Kings,West,3,2001,0.671,477.0,0.449,0.354,0.771,1852,3692,1221.0,793,432,2,0,1,0
Mavericks,West,4,2001,0.646,351.0,0.459,0.381,0.794,1740,3402,1141.0,618,492,1,0,0,0
Knicks,East,4,2001,0.585,216.0,0.444,0.351,0.796,1520,3297,1189.0,545,346,2,1,2,0
Jazz,West,4,2001,0.646,385.0,0.471,0.381,0.752,2111,3326,1297.0,661,463,1,2,0,0
Raptors,East,5,2001,0.573,185.0,0.437,0.369,0.747,2004,3647,1080.0,599,519,2,0,0,0
Suns,West,6,2001,0.622,181.0,0.436,0.315,0.755,1905,3499,1251.0,775,429,1,0,0,0
Hornets,East,6,2001,0.561,172.0,0.431,0.346,0.745,1900,3641,1183.0,665,455,0,0,0,0
Magic,East,7,2001,0.524,81.0,0.438,0.364,0.714,1803,3519,1245.0,674,481,1,0,0,0
Trail Blazers,West,7,2001,0.61,344.0,0.468,0.349,0.762,1963,3440,1257.0,672,419,1,0,1,0
Timberwolves,West,8,2001,0.573,111.0,0.458,0.357,0.785,2083,3472,1136.0,682,456,1,0,0,0
Pacers,East,8,2001,0.5,-16.0,0.44,0.342,0.766,1763,3516,1244.0,563,487,0,1,0,0
Nets,East,1,2002,0.634,341.0,0.446,0.338,0.735,1990,3554,1189.0,716,490,1,0,0,0
Kings,West,1,2002,0.744,624.0,0.467,0.367,0.751,1959,3715,1128.0,741,375,2,0,1,0
Spurs,West,2,2002,0.707,509.0,0.458,0.362,0.742,1643,3473,1180.0,625,537,1,1,1,0
Pistons,East,2,2002,0.61,175.0,0.452,0.376,0.756,1765,3177,1193.0,648,565,0,0,2,0
Celtics,East,3,2002,0.598,181.0,0.424,0.359,0.764,1722,3461,1114.0,793,292,2,0,16,0
Lakers,West,3,2002,0.707,584.0,0.461,0.354,0.699,1882,3629,1040.0,625,478,1,2,13,1
Mavericks,West,4,2002,0.695,349.0,0.462,0.378,0.806,1811,3486,992.0,581,392,2,0,0,0
Hornets,East,4,2002,0.537,79.0,0.44,0.348,0.745,1759,3564,1150.0,653,456,1,0,0,0
Timberwolves,West,5,2002,0.61,277.0,0.461,0.378,0.798,1993,3621,1097.0,524,427,2,0,0,0
Magic,East,5,2002,0.537,129.0,0.448,0.373,0.754,1804,3380,1118.0,663,383,1,0,0,0
76ers,East,6,2002,0.524,131.0,0.436,0.299,0.779,1638,3626,1256.0,705,363,2,1,3,0
Trail Blazers,West,6,2002,0.598,245.0,0.45,0.354,0.763,1926,3529,1172.0,702,368,0,0,1,0
SuperSonics,West,7,2002,0.549,248.0,0.469,0.378,0.755,1926,3301,1124.0,698,364,1,0,1,0
Raptors,East,7,2002,0.512,-36.0,0.434,0.349,0.739,1779,3450,1174.0,688,458,0,0,0,0
Pacers,East,8,2002,0.512,22.0,0.446,0.339,0.772,1884,3498,1249.0,658,436,1,1,0,0
Jazz,West,8,2002,0.537,73.0,0.45,0.333,0.763,1999,3458,1353.0,749,523,0,2,0,0
Spurs,West,1,2003,0.732,444.0,0.462,0.354,0.725,1636,3495,1295.0,629,529,1,1,1,1
Pistons,East,1,2003,0.61,302.0,0.43,0.358,0.771,1620,3328,1104.0,556,468,1,0,2,0
Kings,West,2,2003,0.72,533.0,0.464,0.381,0.746,2034,3651,1192.0,736,457,1,0,1,0
Nets,East,2,2003,0.598,428.0,0.441,0.332,0.757,1887,3519,1212.0,717,374,1,1,0,0
Pacers,East,3,2003,0.585,286.0,0.441,0.339,0.766,1910,3626,1210.0,696,443,2,1,0,0
Mavericks,West,3,2003,0.732,638.0,0.453,0.381,0.829,1837,3456,948.0,666,449,2,0,0,0
76ers,East,4,2003,0.585,189.0,0.448,0.311,0.775,1771,3457,1212.0,844,284,1,1,3,0
Timberwolves,West,4,2003,0.622,170.0,0.466,0.368,0.77,2070,3573,1124.0,553,433,1,0,0,0
Hornets,East,5,2003,0.573,173.0,0.435,0.376,0.768,1807,3572,1212.0,656,394,1,0,0,0
Lakers,West,5,2003,0.61,191.0,0.451,0.356,0.734,1909,3632,1192.0,639,470,2,3,14,0
Trail Blazers,West,6,2003,0.61,214.0,0.46,0.33,0.745,1860,3370,1248.0,725,316,0,0,1,0
Celtics,East,6,2003,0.537,-32.0,0.415,0.334,0.742,1575,3320,1147.0,720,303,2,0,16,0
Jazz,West,7,2003,0.573,196.0,0.468,0.349,0.745,2103,3402,1375.0,707,467,0,1,0,0
Bucks,East,7,2003,0.512,19.0,0.457,0.383,0.776,1823,3243,1044.0,622,344,0,0,1,0
Magic,East,8,2003,0.512,11.0,0.436,0.357,0.777,1676,3350,1177.0,696,300,1,0,0,0
Suns,West,8,2003,0.537,93.0,0.443,0.343,0.742,1719,3489,1208.0,665,404,2,0,0,0
Timberwolves,West,1,2004,0.707,450.0,0.462,0.363,0.781,1890,3520,1043.0,561,462,2,0,0,0
Pacers,East,1,2004,0.744,472.0,0.435,0.351,0.764,1774,3417,1182.0,726,411,2,1,0,0
Lakers,West,2,2004,0.683,320.0,0.454,0.327,0.693,1948,3536,1132.0,682,379,2,3,14,0
Nets,East,2,2004,0.573,205.0,0.441,0.336,0.753,2009,3335,1209.0,709,322,2,2,0,0
Spurs,West,3,2004,0.695,592.0,0.442,0.358,0.681,1676,3698,1203.0,661,537,1,2,2,0
Pistons,East,3,2004,0.659,479.0,0.435,0.344,0.753,1702,3506,1241.0,659,570,1,0,2,1
Heat,East,4,2004,0.512,43.0,0.425,0.357,0.762,1565,3399,1137.0,590,313,0,0,0,0
Kings,West,4,2004,0.671,411.0,0.462,0.401,0.795,2152,3380,1137.0,710,325,2,0,1,0
Hornets,East,5,2004,0.5,-11.0,0.42,0.319,0.751,1716,3509,1228.0,708,346,2,0,0,0
Mavericks,West,5,2004,0.634,364.0,0.459,0.348,0.796,1963,3712,1000.0,656,437,1,0,0,0
Bucks,East,6,2004,0.5,87.0,0.447,0.35,0.775,1872,3462,1110.0,554,383,1,0,1,0
Grizzlies,West,6,2004,0.61,200.0,0.445,0.34,0.727,1915,3428,1226.0,795,565,0,0,0,0
Rockets,West,7,2004,0.549,142.0,0.442,0.366,0.773,1579,3494,1373.0,560,443,2,0,2,0
Knicks,East,7,2004,0.476,-121.0,0.442,0.364,0.793,1695,3493,1289.0,608,391,0,1,2,0
Celtics,East,8,2004,0.439,-119.0,0.443,0.346,0.75,1683,3291,1332.0,770,331,1,0,16,0
Nuggets,West,8,2004,0.524,88.0,0.443,0.336,0.767,1794,3470,1278.0,745,520,0,0,0,0
Heat,East,1,2005,0.72,535.0,0.486,0.377,0.672,1791,3526,1127.0,528,474,2,0,0,0
Suns,West,1,2005,0.756,584.0,0.477,0.393,0.748,1927,3619,1125.0,572,453,3,0,0,0
Spurs,West,2,2005,0.72,640.0,0.453,0.363,0.724,1770,3476,1126.0,613,543,2,1,2,1
Pistons,East,2,2005,0.659,317.0,0.444,0.345,0.739,1787,3561,1133.0,576,497,1,1,3,0
Bulls,East,3,2005,0.573,87.0,0.432,0.357,0.75,1743,3592,1371.0,576,369,0,0,6,0
Mavericks,West,3,2005,0.707,471.0,0.457,0.364,0.789,1610,3520,1102.0,708,461,1,0,0,0
Celtics,East,4,2005,0.549,71.0,0.468,0.349,0.764,1810,3347,1297.0,667,423,1,0,16,0
SuperSonics,West,4,2005,0.634,188.0,0.444,0.365,0.79,1487,3352,1113.0,553,338,2,0,1,0
Rockets,West,5,2005,0.622,331.0,0.443,0.364,0.781,1733,3475,1135.0,563,378,2,0,2,0
Wizards,East,5,2005,0.549,-27.0,0.437,0.343,0.725,1563,3507,1172.0,716,347,2,0,1,0
Pacers,East,6,2005,0.537,62.0,0.432,0.344,0.792,1489,3286,1173.0,615,357,1,1,0,0
Kings,West,6,2005,0.61,177.0,0.459,0.374,0.787,2005,3478,1073.0,674,316,0,0,1,0
Nuggets,West,7,2005,0.598,166.0,0.459,0.34,0.763,1958,3440,1224.0,750,489,0,0,0,0
76ers,East,7,2005,0.524,-61.0,0.437,0.348,0.789,1710,3445,1274.0,756,321,1,1,3,0
Nets,East,8,2005,0.512,-123.0,0.429,0.362,0.763,1772,3242,1164.0,650,308,1,2,0,0
Grizzlies,West,8,2005,0.549,188.0,0.447,0.357,0.754,1716,3194,1197.0,699,476,0,0,0,0
Spurs,West,1,2006,0.768,559.0,0.472,0.385,0.702,1717,3399,1126.0,543,467,2,2,3,0
Pistons,East,1,2006,0.78,547.0,0.455,0.384,0.727,1971,3322,931.0,580,490,4,2,3,0
Mavericks,West,2,2006,0.732,498.0,0.462,0.374,0.783,1473,3461,1112.0,593,488,1,0,0,0
Heat,East,2,2006,0.634,317.0,0.478,0.345,0.7,1692,3533,1186.0,522,442,2,0,0,1
Cavaliers,East,3,2006,0.61,183.0,0.454,0.339,0.729,1560,3470,1137.0,567,392,1,0,0,0
Suns,West,3,2006,0.659,455.0,0.479,0.399,0.806,2179,3428,1088.0,549,412,2,0,0,0
Nuggets,West,4,2006,0.537,19.0,0.461,0.325,0.744,1921,3389,1216.0,698,463,0,0,0,0
Nets,East,4,2006,0.598,112.0,0.44,0.33,0.758,1884,3361,1119.0,558,278,1,2,0,0
Wizards,East,5,2006,0.512,152.0,0.447,0.357,0.757,1523,3379,1143.0,658,339,1,0,1,0
Grizzlies,West,5,2006,0.598,303.0,0.448,0.374,0.711,1586,3213,1134.0,600,442,1,0,0,0
Pacers,East,6,2006,0.5,155.0,0.444,0.349,0.737,1631,3457,1254.0,598,409,0,0,0,0
Clippers,West,6,2006,0.573,129.0,0.465,0.344,0.791,1708,3532,1185.0,534,503,1,0,0,0
Lakers,West,7,2006,0.549,205.0,0.453,0.349,0.745,1734,3458,1143.0,628,350,1,3,14,0
Bulls,East,7,2006,0.5,52.0,0.446,0.379,0.738,1804,3508,1224.0,508,345,0,0,6,0
Bucks,East,8,2006,0.488,-85.0,0.453,0.38,0.738,1769,3377,1197.0,597,270,0,0,1,0
Kings,West,8,2006,0.537,126.0,0.454,0.351,0.784,1825,3325,1199.0,608,299,0,0,1,0
Pistons,East,1,2007,0.646,341.0,0.454,0.344,0.774,1768,3322,1001.0,583,472,2,2,3,0
Mavericks,West,1,2007,0.817,592.0,0.467,0.381,0.805,1632,3435,1140.0,560,408,2,1,0,0
Cavaliers,East,2,2007,0.61,314.0,0.447,0.352,0.696,1708,3568,1177.0,625,353,1,0,0,0
Suns,West,2,2007,0.744,599.0,0.494,0.399,0.808,2122,3320,1189.0,553,394,2,0,0,0
Spurs,West,3,2007,0.707,691.0,0.474,0.381,0.751,1814,3338,1137.0,587,417,2,2,3,1
Raptors,East,3,2007,0.573,81.0,0.463,0.363,0.788,1822,3235,1104.0,581,321,1,0,0,0
Jazz,West,4,2007,0.622,235.0,0.474,0.335,0.743,2024,3486,1277.0,577,339,1,0,0,0
Heat,East,4,2007,0.537,-75.0,0.464,0.343,0.69,1681,3343,1201.0,566,442,2,1,1,0
Bulls,East,5,2007,0.598,411.0,0.457,0.388,0.734,1832,3581,1310.0,639,445,0,0,6,0
Rockets,West,5,2007,0.634,398.0,0.445,0.372,0.753,1704,3553,1162.0,583,337,1,0,2,0
Nuggets,West,6,2007,0.549,133.0,0.465,0.336,0.746,1920,3559,1352.0,678,435,1,0,0,0
Nets,East,6,2007,0.5,-63.0,0.457,0.363,0.727,1962,3347,1212.0,499,273,1,2,0,0
Lakers,West,7,2007,0.512,-6.0,0.466,0.353,0.747,1850,3381,1273.0,600,421,1,2,14,0
Wizards,East,7,2007,0.5,-42.0,0.45,0.348,0.765,1660,3377,1133.0,635,375,2,0,1,0
Warriors,West,8,2007,0.512,-28.0,0.463,0.356,0.717,1950,3396,1309.0,750,466,0,0,3,0
Magic,East,8,2007,0.488,64.0,0.472,0.356,0.702,1525,3338,1392.0,565,416,1,0,0,0
Celtics,East,1,2008,0.805,841.0,0.475,0.381,0.771,1833,3445,1246.0,696,379,2,0,16,1
Lakers,West,1,2008,0.695,595.0,0.476,0.378,0.769,2003,3620,1156.0,654,438,1,1,14,0
Pistons,East,2,2008,0.72,606.0,0.458,0.366,0.767,1831,3397,956.0,583,472,3,2,3,0
Hornets,West,2,2008,0.683,433.0,0.466,0.389,0.769,1785,3431,974.0,637,321,2,0,0,0
Spurs,West,3,2008,0.683,393.0,0.457,0.369,0.761,1718,3383,1035.0,521,337,1,3,4,0
Magic,East,3,2008,0.634,448.0,0.474,0.386,0.721,1706,3445,1173.0,520,333,1,0,0,0
Jazz,West,4,2008,0.659,564.0,0.497,0.372,0.759,2165,3352,1200.0,717,355,1,0,0,0
Cavaliers,East,4,2008,0.549,-29.0,0.439,0.358,0.717,1640,3655,1145.0,579,427,1,1,0,0
Rockets,West,5,2008,0.671,384.0,0.448,0.342,0.726,1757,3661,1125.0,598,420,1,0,2,0
Wizards,East,5,2008,0.524,-27.0,0.446,0.356,0.782,1607,3411,1082.0,632,391,1,0,1,0
Raptors,East,6,2008,0.5,238.0,0.468,0.392,0.812,1953,3286,959.0,570,336,1,0,0,0
Suns,West,6,2008,0.671,414.0,0.5,0.393,0.783,2188,3403,1184.0,532,518,2,0,0,0
76ers,East,7,2008,0.488,34.0,0.46,0.317,0.706,1673,3437,1172.0,712,400,0,0,3,0
Mavericks,West,7,2008,0.622,372.0,0.464,0.352,0.814,1720,3526,1037.0,490,402,1,1,0,0
Nuggets,West,8,2008,0.61,304.0,0.47,0.355,0.751,2024,3616,1203.0,752,551,2,0,0,0
Hawks,East,8,2008,0.451,-149.0,0.454,0.356,0.772,1804,3462,1223.0,600,448,1,0,1,0
Lakers,West,1,2009,0.793,628.0,0.474,0.361,0.77,1908,3602,1103.0,718,420,2,2,14,1
Cavaliers,East,1,2009,0.805,732.0,0.468,0.393,0.757,1663,3460,1045.0,593,435,2,1,0,0
Celtics,East,2,2009,0.756,616.0,0.486,0.397,0.765,1862,3455,1280.0,621,387,3,1,17,0
Nuggets,West,2,2009,0.659,280.0,0.47,0.371,0.76,1820,3412,1257.0,710,492,1,0,0,0
Spurs,West,3,2009,0.659,308.0,0.466,0.386,0.761,1736,3366,963.0,474,329,2,2,4,0
Magic,East,3,2009,0.72,549.0,0.457,0.381,0.715,1593,3547,1142.0,570,439,2,0,0,0
Hawks,East,4,2009,0.573,129.0,0.458,0.366,0.737,1657,3282,1048.0,603,376,1,0,1,0
Trail Blazers,West,4,2009,0.659,438.0,0.465,0.383,0.765,1667,3420,1055.0,550,402,1,0,1,0
Rockets,West,5,2009,0.646,328.0,0.453,0.375,0.805,1662,3524,1158.0,548,355,1,0,2,0
Heat,East,5,2009,0.524,21.0,0.457,0.357,0.754,1671,3239,1026.0,651,451,1,1,1,0
76ers,East,6,2009,0.5,6.0,0.459,0.318,0.745,1647,3375,1157.0,658,415,0,0,3,0
Mavericks,West,6,2009,0.61,162.0,0.462,0.35,0.819,1779,3504,1043.0,591,429,1,1,0,0
Bulls,East,7,2009,0.5,-23.0,0.457,0.381,0.796,1732,3451,1192.0,615,453,0,0,6,0
Hornets,West,7,2009,0.598,127.0,0.457,0.364,0.807,1609,3255,1029.0,593,338,2,0,0,0
Jazz,West,8,2009,0.585,217.0,0.475,0.349,0.771,2024,3363,1210.0,719,374,0,0,0,0
Pistons,East,8,2009,0.476,-40.0,0.454,0.349,0.751,1689,3397,973.0,493,377,1,2,3,0
Lakers,West,1,2010,0.695,387.0,0.457,0.341,0.765,1730,3635,1096.0,612,400,1,2,15,1
Cavaliers,East,1,2010,0.744,535.0,0.485,0.381,0.72,1835,3483,1137.0,564,425,1,1,0,0
Mavericks,West,2,2010,0.671,223.0,0.464,0.372,0.816,1917,3420,1059.0,624,449,2,1,0,0
Magic,East,2,2010,0.72,614.0,0.47,0.375,0.724,1615,3546,1155.0,512,456,1,1,0,0
Hawks,East,3,2010,0.646,382.0,0.468,0.36,0.759,1789,3420,980.0,592,413,2,0,1,0
Suns,West,3,2010,0.659,402.0,0.492,0.412,0.77,1912,3526,1210.0,479,418,2,0,0,0
Celtics,East,4,2010,0.61,300.0,0.483,0.348,0.746,1930,3165,1219.0,701,402,3,1,17,0
Nuggets,West,4,2010,0.646,335.0,0.468,0.359,0.772,1719,3394,1136.0,683,417,2,0,0,0
Jazz,West,5,2010,0.646,438.0,0.491,0.364,0.741,2187,3460,1246.0,675,400,1,0,0,0
Heat,East,5,2010,0.573,187.0,0.458,0.346,0.752,1548,3428,1079.0,605,457,1,1,1,0
Bucks,East,6,2010,0.561,139.0,0.436,0.356,0.755,1740,3525,1085.0,580,385,0,0,1,0
Trail Blazers,West,6,2010,0.61,271.0,0.461,0.354,0.79,1674,3296,1012.0,523,350,0,0,1,0
Spurs,West,7,2010,0.61,417.0,0.473,0.358,0.74,1829,3508,1116.0,516,381,1,2,4,0
Bobcats,East,7,2010,0.537,120.0,0.453,0.346,0.751,1658,3348,1290.0,632,446,0,0,0,0
Bulls,East,8,2010,0.5,-134.0,0.451,0.33,0.754,1704,3652,1175.0,531,478,1,0,6,0
Thunder,West,8,2010,0.61,286.0,0.462,0.34,0.805,1639,3567,1227.0,654,481,1,0,1,0
Spurs,West,1,2011,0.744,468.0,0.475,0.397,0.767,1836,3432,1101.0,602,372,2,1,4,0
Bulls,East,1,2011,0.756,600.0,0.462,0.361,0.743,1827,3621,1161.0,592,468,1,0,6,0
Lakers,West,2,2011,0.695,501.0,0.463,0.352,0.779,1801,3605,1073.0,602,422,2,3,16,0
Heat,East,2,2011,0.707,612.0,0.481,0.37,0.769,1639,3456,1142.0,544,430,3,1,1,0
Celtics,East,3,2011,0.683,440.0,0.486,0.365,0.77,1921,3181,1195.0,676,344,4,2,17,0
Mavericks,West,3,2011,0.695,347.0,0.475,0.365,0.777,1954,3398,1145.0,557,352,1,1,0,1
Thunder,West,4,2011,0.671,311.0,0.464,0.347,0.823,1672,3507,1156.0,654,487,2,0,1,0
Magic,East,4,2011,0.634,448.0,0.461,0.366,0.692,1636,3543,1224.0,548,384,1,1,0,0
Nuggets,West,5,2011,0.61,390.0,0.476,0.388,0.765,1813,3443,1157.0,605,352,1,0,0,0
Hawks,East,5,2011,0.537,-67.0,0.462,0.352,0.779,1802,3222,1118.0,497,341,2,0,1,0
Knicks,East,6,2011,0.512,64.0,0.457,0.368,0.809,1757,3317,1123.0,625,475,1,0,2,0
Trail Blazers,West,6,2011,0.585,125.0,0.447,0.345,0.804,1736,3226,1070.0,660,358,0,0,1,0
76ers,East,7,2011,0.5,123.0,0.461,0.355,0.77,1861,3428,1063.0,621,355,0,0,3,0
Hornets,West,7,2011,0.561,73.0,0.459,0.36,0.765,1691,3292,1069.0,624,359,1,0,0,0
Pacers,East,8,2011,0.451,-88.0,0.442,0.354,0.782,1611,3571,1262.0,584,456,0,0,0,0
Grizzlies,West,8,2011,0.561,192.0,0.471,0.334,0.75,1691,3361,1145.0,771,441,0,0,0,0
Bulls,East,1,2012,0.758,540.0,0.452,0.375,0.722,1527,3080,923.0,456,388,2,0,6,0
Spurs,West,1,2012,0.758,473.0,0.478,0.393,0.748,1528,2836,895.0,490,293,1,1,4,0
Heat,East,2,2012,0.697,395.0,0.469,0.359,0.775,1317,2746,1002.0,585,355,3,1,1,1
Thunder,West,2,2012,0.712,404.0,0.471,0.358,0.806,1224,2883,1079.0,498,539,2,0,1,0
Pacers,East,3,2012,0.636,218.0,0.438,0.368,0.782,1228,2896,925.0,523,357,1,0,0,0
Lakers,West,3,2012,0.621,94.0,0.457,0.326,0.756,1485,3050,997.0,390,351,2,3,16,0
Celtics,East,4,2012,0.591,166.0,0.46,0.367,0.778,1557,2560,979.0,498,362,2,2,17,0
Grizzlies,West,4,2012,0.621,133.0,0.447,0.326,0.759,1290,2775,955.0,631,345,1,0,0,0
Hawks,East,5,2012,0.606,227.0,0.454,0.37,0.74,1481,2718,921.0,536,303,0,0,1,0
Clippers,West,5,2012,0.606,169.0,0.455,0.357,0.68,1385,2743,879.0,556,315,2,0,0,0
Nuggets,West,6,2012,0.576,190.0,0.476,0.332,0.735,1581,2843,1015.0,540,330,0,0,0,0
Magic,East,6,2012,0.561,52.0,0.441,0.375,0.66,1321,2802,984.0,451,275,1,1,0,0
Mavericks,West,7,2012,0.545,63.0,0.443,0.339,0.771,1380,2822,926.0,565,337,1,1,1,0
Knicks,East,7,2012,0.545,211.0,0.443,0.336,0.741,1328,2755,1056.0,622,276,1,0,2,0
Jazz,West,8,2012,0.545,41.0,0.456,0.323,0.754,1439,2916,936.0,545,385,0,0,0,0
76ers,East,8,2012,0.53,280.0,0.448,0.362,0.742,1453,2848,738.0,526,340,1,0,3,0
Heat,East,1,2013,0.805,645.0,0.496,0.396,0.754,1890,3166,1143.0,710,441,3,2,2,1
Thunder,West,1,2013,0.732,755.0,0.481,0.377,0.828,1753,3579,1253.0,679,624,2,1,1,0
Spurs,West,2,2013,0.707,525.0,0.481,0.376,0.791,2058,3387,1206.0,695,446,2,0,4,0
Knicks,East,2,2013,0.659,347.0,0.448,0.376,0.759,1579,3326,988.0,672,294,2,0,2,0
Nuggets,West,3,2013,0.695,417.0,0.478,0.343,0.701,2002,3693,1253.0,762,533,0,0,0,0
Pacers,East,3,2013,0.605,326.0,0.436,0.347,0.746,1645,3714,1227.0,580,513,1,0,0,0
Clippers,West,4,2013,0.683,529.0,0.478,0.358,0.711,1958,3413,1197.0,784,461,2,0,0,0
Nets,East,4,2013,0.598,146.0,0.45,0.357,0.731,1668,3507,1206.0,599,391,1,0,0,0
Bulls,East,5,2013,0.549,26.0,0.437,0.353,0.773,1886,3540,1171.0,588,417,2,0,6,0
Grizzlies,West,5,2013,0.683,340.0,0.444,0.345,0.773,1715,3504,1144.0,703,436,1,0,0,0
Warriors,West,6,2013,0.573,73.0,0.458,0.403,0.79,1845,3686,1236.0,567,346,1,0,3,0
Hawks,East,6,2013,0.537,33.0,0.464,0.371,0.715,2007,3351,1219.0,664,369,0,0,1,0
Lakers,West,7,2013,0.549,95.0,0.458,0.355,0.692,1818,3674,1232.0,576,429,2,3,16,0
Celtics,East,7,2013,0.506,-18.0,0.465,0.358,0.776,1843,3187,1181.0,667,365,1,2,17,0
Bucks,East,8,2013,0.463,-123.0,0.435,0.36,0.736,1876,3605,1156.0,685,550,0,0,1,0
Rockets,West,8,2013,0.549,285.0,0.461,0.366,0.754,1902,3561,1348.0,679,359,1,0,2,0
Pacers,East,1,2014,0.683,361.0,0.449,0.357,0.779,1651,3665,1237.0,550,446,2,0,0,0
Spurs,West,1,2014,0.756,633.0,0.486,0.397,0.785,2064,3548,1180.0,604,420,1,1,4,1
Thunder,West,2,2014,0.72,520.0,0.471,0.361,0.806,1794,3668,1256.0,678,501,1,1,1,0
Heat,East,2,2014,0.659,390.0,0.501,0.364,0.76,1847,3024,1212.0,732,367,3,3,3,0
Raptors,East,3,2014,0.585,266.0,0.445,0.372,0.782,1737,3487,1159.0,577,343,1,0,0,0
Clippers,West,3,2014,0.695,572.0,0.474,0.352,0.73,2016,3526,1136.0,703,397,2,0,0,0
Bulls,East,4,2014,0.585,152.0,0.432,0.348,0.779,1860,3620,1223.0,594,424,1,0,6,0
Rockets,West,4,2014,0.659,374.0,0.472,0.358,0.712,1755,3717,1323.0,621,461,2,0,2,0
Trail Blazers,West,5,2014,0.659,327.0,0.45,0.372,0.815,1904,3808,1125.0,454,387,2,0,1,0
Wizards,East,5,2014,0.537,104.0,0.459,0.38,0.731,1909,3459,1204.0,668,377,1,0,1,0
Nets,East,6,2014,0.537,-82.0,0.459,0.369,0.753,1714,3128,1191.0,705,311,1,0,0,0
Warriors,West,6,2014,0.622,394.0,0.462,0.38,0.753,1912,3715,1247.0,642,407,1,0,3,0
Grizzlies,West,7,2014,0.61,129.0,0.464,0.353,0.741,1792,3476,1124.0,631,375,0,0,0,0
Bobcats,East,7,2014,0.524,-18.0,0.442,0.351,0.737,1778,3500,1010.0,499,421,0,0,0,0
Hawks,East,8,2014,0.463,-39.0,0.458,0.363,0.781,2041,3278,1251.0,680,326,1,0,1,0
Mavericks,West,8,2014,0.598,197.0,0.474,0.384,0.795,1935,3354,1110.0,704,356,1,1,1,0
Warriors,West,1,2015,0.817,828.0,0.478,0.398,0.768,2248,3667,1185.0,762,496,2,0,3,1
Hawks,East,1,2015,0.732,445.0,0.466,0.38,0.778,2111,3326,1167.0,744,380,4,0,1,0
Cavaliers,East,2,2015,0.646,367.0,0.458,0.367,0.751,1814,3523,1171.0,603,340,2,0,0,0
Rockets,West,2,2015,0.683,282.0,0.444,0.348,0.715,1820,3582,1366.0,777,407,1,0,2,0
Bulls,East,3,2015,0.61,246.0,0.442,0.353,0.783,1781,3751,1145.0,514,476,2,0,6,0
Clippers,West,3,2015,0.683,540.0,0.473,0.376,0.71,2031,3495,1012.0,640,409,1,0,0,0
Raptors,East,4,2015,0.598,252.0,0.455,0.352,0.787,1701,3407,1057.0,615,357,1,0,0,0
Trail Blazers,West,4,2015,0.622,347.0,0.45,0.362,0.801,1799,3760,1117.0,525,372,2,0,1,0
Wizards,East,5,2015,0.561,59.0,0.462,0.36,0.742,1969,3663,1233.0,601,378,1,0,1,0
Grizzlies,West,5,2015,0.671,266.0,0.458,0.339,0.773,1777,3490,1094.0,700,347,1,0,0,0
Bucks,East,6,2015,0.5,35.0,0.459,0.363,0.757,1932,3450,1373.0,789,403,0,0,1,0
Spurs,West,6,2015,0.671,508.0,0.468,0.367,0.78,2000,3578,1146.0,657,444,1,2,5,0
Mavericks,West,7,2015,0.61,238.0,0.463,0.352,0.752,1846,3466,1062.0,663,371,1,1,1,0
Celtics,East,7,2015,0.488,13.0,0.443,0.327,0.754,2009,3595,1133.0,674,294,0,1,17,0
Pelicans,West,8,2015,0.549,65.0,0.457,0.37,0.751,1806,3563,1087.0,553,510,0,0,0,0
Nets,East,8,2015,0.463,-236.0,0.451,0.331,0.748,1716,3473,1133.0,576,340,0,0,0,0
Cavaliers,East,1,2016,0.695,492.0,0.46,0.362,0.748,1861,3650,1114.0,551,317,1,1,0,1
Warriors,West,1,2016,0.89,882.0,0.487,0.416,0.763,2373,3788,1245.0,689,498,3,1,4,0
Raptors,East,2,2016,0.683,369.0,0.451,0.37,0.777,1536,3560,1073.0,636,449,2,0,0,0
Spurs,West,2,2016,0.817,872.0,0.484,0.375,0.803,2010,3601,1071.0,677,485,2,2,5,0
Heat,East,3,2016,0.585,135.0,0.47,0.336,0.744,1709,3618,1155.0,553,531,1,4,3,0
Thunder,West,3,2016,0.671,597.0,0.476,0.349,0.782,1883,3987,1305.0,603,487,2,1,1,0
Hawks,East,4,2016,0.585,296.0,0.458,0.35,0.783,2100,3451,1226.0,747,486,2,0,1,0
Clippers,West,4,2016,0.646,351.0,0.465,0.364,0.692,1873,3448,1063.0,709,460,1,0,0,0
Celtics,East,5,2016,0.585,263.0,0.439,0.335,0.788,1981,3683,1127.0,752,348,1,0,17,0
Trail Blazers,West,5,2016,0.537,68.0,0.45,0.37,0.754,1748,3730,1200.0,562,380,0,0,1,0
Mavericks,West,6,2016,0.512,-25.0,0.444,0.344,0.794,1813,3532,1047.0,560,306,0,1,1,0
Hornets,East,6,2016,0.585,223.0,0.439,0.362,0.79,1778,3603,1029.0,595,438,0,0,0,0
Pacers,East,7,2016,0.549,140.0,0.45,0.351,0.764,1741,3626,1219.0,742,391,1,0,0,0
Grizzlies,West,7,2016,0.512,-184.0,0.44,0.331,0.783,1697,3413,1090.0,724,350,0,0,0,0
Rockets,West,8,2016,0.5,16.0,0.452,0.347,0.694,1821,3531,1307.0,821,430,1,0,2,0
Pistons,East,8,2016,0.537,50.0,0.439,0.345,0.668,1594,3798,1110.0,573,304,1,0,3,0
Celtics,East,1,2017,0.646,216.0,0.454,0.359,0.807,2069,3441,1088.0,617,340,1,0,17,0
Warriors,West,1,2017,0.817,954.0,0.495,0.383,0.788,2491,3643,1211.0,785,555,4,2,4,1
Spurs,West,2,2017,0.744,590.0,0.469,0.391,0.797,1954,3598,1101.0,655,484,1,2,5,0
Cavaliers,East,2,2017,0.622,261.0,0.47,0.384,0.748,1858,3587,1121.0,539,327,2,2,1,0
Rockets,West,3,2017,0.671,473.0,0.462,0.357,0.766,2070,3638,1240.0,670,352,1,0,2,0
Raptors,East,3,2017,0.622,345.0,0.464,0.363,0.796,1517,3547,1041.0,677,400,2,0,0,0
Clippers,West,4,2017,0.622,352.0,0.475,0.375,0.745,1848,3528,1062.0,612,347,1,0,0,0
Wizards,East,4,2017,0.598,148.0,0.475,0.372,0.784,1956,3514,1162.0,693,336,1,0,1,0
Jazz,West,5,2017,0.622,323.0,0.466,0.372,0.747,1651,3545,1118.0,550,410,1,0,0,0
Hawks,East,5,2017,0.524,-70.0,0.451,0.341,0.728,1938,3635,1294.0,672,397,1,0,1,0
Thunder,West,6,2017,0.573,62.0,0.452,0.327,0.745,1721,3823,1230.0,648,408,1,1,1,0
Bucks,East,6,2017,0.512,-15.0,0.474,0.37,0.768,1984,3312,1145.0,666,436,1,0,1,0
Pacers,East,7,2017,0.512,-18.0,0.465,0.376,0.81,1844,3444,1130.0,669,409,1,0,0,0
Grizzlies,West,7,2017,0.524,40.0,0.435,0.354,0.784,1744,3507,1059.0,653,344,1,0,0,0
Trail Blazers,West,8,2017,0.5,-43.0,0.459,0.375,0.78,1733,3580,1126.0,574,408,0,0,1,0
Bulls,East,8,2017,0.5,35.0,0.444,0.34,0.798,1851,3796,1112.0,643,393,1,0,6,0
Raptors,East,1,2018,0.72,638.0,0.472,0.358,0.794,1995,3607,1095.0,626,500,2,0,0,0
Rockets,West,1,2018,0.793,695.0,0.46,0.362,0.781,1767,3564,1135.0,699,392,1,0,2,0
Warriors,West,2,2018,0.707,490.0,0.503,0.391,0.815,2402,3568,1265.0,656,612,4,3,5,1
Celtics,East,2,2018,0.671,294.0,0.45,0.377,0.771,1842,3645,1148.0,604,373,2,0,17,0
76ers,East,3,2018,0.634,369.0,0.472,0.369,0.752,2221,3889,1353.0,682,420,1,0,3,0
Trail Blazers,West,3,2018,0.598,213.0,0.452,0.366,0.8,1599,3728,1109.0,573,423,1,0,1,0
Cavaliers,East,4,2018,0.61,77.0,0.476,0.372,0.779,1916,3455,1126.0,582,312,1,3,1,0
Thunder,West,4,2018,0.585,280.0,0.453,0.354,0.716,1750,3695,1147.0,743,412,2,0,1,0
Jazz,West,5,2018,0.585,353.0,0.462,0.366,0.779,1839,3547,1205.0,708,420,0,0,0,0
Pacers,East,5,2018,0.585,113.0,0.472,0.369,0.779,1819,3472,1088.0,721,340,1,0,0,0
Pelicans,West,6,2018,0.585,107.0,0.483,0.362,0.772,2195,3635,1223.0,657,485,1,0,0,0
Heat,East,6,2018,0.537,39.0,0.455,0.36,0.755,1862,3564,1178.0,620,437,1,2,3,0
Bucks,East,7,2018,0.537,-25.0,0.478,0.355,0.783,1905,3267,1135.0,722,443,1,0,1,0
Spurs,West,7,2018,0.573,237.0,0.457,0.352,0.772,1868,3626,1078.0,628,460,1,2,5,0
Timberwolves,West,8,2018,0.573,183.0,0.476,0.357,0.804,1861,3441,1021.0,689,345,1,0,0,0
Wizards,East,8,2018,0.524,48.0,0.467,0.375,0.772,2065,3536,1196.0,645,353,1,0,1,0
Bucks,East,1,2019,0.732,727.0,0.476,0.353,0.773,2136,4078,1137.0,615,486,2,0,1,0
Warriors,West,1,2019,0.695,530.0,0.491,0.385,0.801,2413,3787,1169.0,625,525,3,4,6,0
Nuggets,West,2,2019,0.659,324.0,0.466,0.351,0.755,2245,3804,1102.0,634,363,1,0,0,0
Raptors,East,2,2019,0.707,499.0,0.474,0.366,0.804,2085,3706,1150.0,680,437,2,0,0,1
76ers,East,3,2019,0.622,221.0,0.471,0.359,0.771,2207,3917,1223.0,606,432,2,0,3,0
Trail Blazers,West,3,2019,0.646,344.0,0.467,0.359,0.814,1887,3935,1135.0,546,413,1,0,1,0
Celtics,East,4,2019,0.598,364.0,0.465,0.365,0.802,2155,3653,1052.0,706,435,1,0,17,0
Rockets,West,4,2019,0.646,391.0,0.449,0.356,0.791,1741,3449,1094.0,700,405,1,0,2,0
Jazz,West,5,2019,0.61,431.0,0.468,0.356,0.736,2133,3801,1240.0,663,483,0,0,0,0
Pacers,East,5,2019,0.585,273.0,0.475,0.374,0.752,2128,3528,1122.0,713,404,0,0,0,0
Nets,East,6,2019,0.512,-6.0,0.449,0.353,0.745,1954,3819,1236.0,539,339,1,0,0,0
Thunder,West,6,2019,0.598,279.0,0.454,0.348,0.713,1917,3942,1145.0,766,425,2,0,1,0
Spurs,West,7,2019,0.585,138.0,0.478,0.392,0.819,2013,3667,992.0,501,386,1,1,5,0
Magic,East,7,2019,0.512,58.0,0.454,0.356,0.782,2095,3724,1082.0,543,445,1,0,0,0
Pistons,East,8,2019,0.5,-20.0,0.44,0.348,0.747,1845,3688,1135.0,569,331,1,0,3,0
Clippers,West,8,2019,0.585,70.0,0.471,0.388,0.792,1970,3732,1193.0,561,385,0,0,0,0
Bucks,East,1,2020,0.767,736.0,0.476,0.355,0.742,1889,3774,1102.0,526,429,2,0,1,0
Lakers,West,1,2020,0.732,411.0,0.48,0.349,0.729,1803,3247,1077.0,612,468,2,0,16,1
Raptors,East,2,2020,0.736,449.0,0.458,0.374,0.796,1816,3268,1067.0,636,358,2,1,1,0
Clippers,West,2,2020,0.681,464.0,0.466,0.371,0.791,1708,3431,1051.0,511,338,1,0,0,0
Nuggets,West,3,2020,0.63,154.0,0.473,0.359,0.777,1952,3222,1005.0,586,337,1,0,0,0
Celtics,East,3,2020,0.667,454.0,0.461,0.364,0.801,1655,3317,995.0,595,406,2,0,17,0
Rockets,West,4,2020,0.611,213.0,0.451,0.345,0.791,1557,3188,1057.0,627,371,2,0,2,0
Pacers,East,4,2020,0.616,143.0,0.476,0.363,0.787,1888,3125,967.0,543,376,1,0,0,0
Heat,East,5,2020,0.603,215.0,0.468,0.379,0.783,1892,3239,1088.0,547,332,2,0,3,0
Thunder,West,5,2020,0.611,143.0,0.468,0.355,0.796,1562,3088,986.0,550,353,1,0,1,0
Jazz,West,6,2020,0.611,178.0,0.471,0.38,0.779,1615,3233,1089.0,438,292,2,0,0,0
76ers,East,6,2020,0.589,174.0,0.468,0.368,0.755,1884,3317,1037.0,586,389,2,0,3,0
Mavericks,West,7,2020,0.573,371.0,0.461,0.367,0.779,1849,3520,953.0,460,363,1,0,1,0
Nets,East,7,2020,0.486,-41.0,0.448,0.343,0.745,1761,3449,1099.0,464,323,0,0,0,0
Trail Blazers,West,8,2020,0.473,-85.0,0.463,0.377,0.804,1525,3353,946.0,465,451,0,0,1,0
Magic,East,8,2020,0.452,-74.0,0.444,0.343,0.774,1747,3249,937.0,599,396,0,0,0,0
76ers,East,1,2021,0.681,402.0,0.476,0.374,0.767,1706,3244,1040.0,655,447,0,0,3,0
Jazz,West,1,2021,0.722,666.0,0.468,0.389,0.799,1703,3474,1023.0,474,371,3,0,0,0
Nets,East,2,2021,0.667,324.0,0.494,0.392,0.804,1929,3199,975.0,484,379,2,0,0,0
Suns,West,2,2021,0.708,419.0,0.49,0.378,0.834,1939,3092,902.0,517,312,1,0,0,0
Nuggets,West,3,2021,0.653,355.0,0.485,0.377,0.803,1933,3200,972.0,582,323,1,0,0,0
Bucks,East,3,2021,0.639,424.0,0.487,0.389,0.76,1834,3465,995.0,585,334,1,0,1,1
Clippers,West,4,2021,0.653,445.0,0.482,0.411,0.839,1756,3179,949.0,509,295,2,0,0,0
Knicks,East,4,2021,0.569,166.0,0.456,0.392,0.784,1541,3250,932.0,507,365,1,0,2,0
Hawks,East,5,2021,0.569,167.0,0.468,0.373,0.812,1737,3285,953.0,503,342,0,0,1,0
Mavericks,West,5,2021,0.583,163.0,0.47,0.362,0.778,1647,3120,869.0,450,311,1,0,1,0
Heat,East,6,2021,0.556,2.0,0.468,0.358,0.79,1895,2988,1013.0,569,286,0,1,3,0
Trail Blazers,West,6,2021,0.583,129.0,0.453,0.385,0.823,1531,3207,799.0,496,363,1,0,1,0
Celtics,East,7,2021,0.5,105.0,0.466,0.374,0.775,1689,3186,1012.0,556,383,2,0,17,0
Lakers,West,7,2021,0.583,201.0,0.472,0.354,0.739,1775,3185,1095.0,562,386,1,1,17,0
Grizzlies,West,8,2021,0.528,74.0,0.467,0.356,0.771,1938,3346,957.0,655,364,0,0,0,0
Wizards,East,8,2021,0.472,-132.0,0.475,0.351,0.769,1835,3254,1036.0,528,297,1,0,1,0
Heat,East,1,2022,0.646,365.0,0.467,0.379,0.808,2090,3585,1194.0,606,265,1,1,3,0
Suns,West,1,2022,0.78,615.0,0.485,0.364,0.797,2244,3714,1060.0,702,359,2,1,0,0
Celtics,East,2,2022,0.622,597.0,0.466,0.356,0.816,2036,3778,1118.0,591,478,1,0,17,0
Grizzlies,West,2,2022,0.683,466.0,0.461,0.353,0.734,2131,4032,1082.0,800,533,1,0,0,0
Bucks,East,3,2022,0.622,275.0,0.468,0.366,0.776,1960,3830,1100.0,623,326,2,1,2,0
Warriors,West,3,2022,0.646,454.0,0.469,0.364,0.769,2223,3730,1221.0,719,372,2,3,6,1
76ers,East,4,2022,0.622,214.0,0.466,0.364,0.821,1945,3470,1027.0,633,435,1,0,3,0
Mavericks,West,4,2022,0.634,271.0,0.461,0.35,0.771,1918,3528,1025.0,552,325,1,0,1,0
Jazz,West,5,2022,0.598,495.0,0.471,0.36,0.767,1836,3800,1148.0,588,402,1,0,0,0
Raptors,East,5,2022,0.585,188.0,0.445,0.349,0.759,1809,3717,1021.0,738,376,1,1,1,0
Nuggets,West,6,2022,0.585,189.0,0.483,0.353,0.795,2279,3617,1189.0,592,305,1,0,0,0
Bulls,East,6,2022,0.561,-32.0,0.48,0.369,0.813,1958,3471,1053.0,585,336,2,0,6,0
Nets,East,7,2022,0.537,64.0,0.475,0.361,0.805,2071,3640,1153.0,582,448,0,0,0,0
Timberwolves,West,7,2022,0.561,216.0,0.457,0.358,0.778,2106,3621,1175.0,721,460,1,0,0,0
Pelicans,West,9,2022,0.439,-81.0,0.457,0.332,0.789,2047,3707,1153.0,680,328,0,0,0,0
Hawks,East,9,2022,0.524,128.0,0.47,0.374,0.812,2017,3606,972.0,587,348,1,0,1,0
Bucks,East,1,2023,0.707,298.0,0.473,0.368,0.743,2115,3988,1199.0,521,403,2,1,2,0
Nuggets,West,1,2023,0.646,273.0,0.504,0.379,0.751,2368,3527,1192.0,618,368,1,0,0,1
Grizzlies,West,2,2023,0.622,323.0,0.475,0.351,0.733,2135,3823,1116.0,680,473,2,0,0,0
Celtics,East,2,2023,0.695,535.0,0.475,0.377,0.812,2186,3717,1095.0,521,430,2,1,17,0
Kings,West,3,2023,0.585,217.0,0.494,0.369,0.79,2237,3481,1106.0,574,275,2,0,1,0
76ers,East,3,2023,0.659,354.0,0.487,0.387,0.835,2063,3356,1121.0,635,389,1,0,3,0
Cavaliers,East,4,2023,0.622,441.0,0.488,0.367,0.78,2045,3369,1094.0,586,384,1,1,1,0
Suns,West,4,2023,0.549,170.0,0.467,0.374,0.793,2235,3628,1110.0,585,432,0,1,0,0
Knicks,East,5,2023,0.573,240.0,0.47,0.354,0.761,1880,3821,1065.0,527,340,1,0,2,0
Clippers,West,5,2023,0.537,41.0,0.477,0.381,0.781,1959,3545,1167.0,580,364,1,0,0,0
Warriors,West,6,2023,0.537,148.0,0.479,0.385,0.794,2446,3657,1336.0,588,324,0,3,7,0
Nets,East,6,2023,0.549,70.0,0.487,0.378,0.8,2093,3322,1127.0,585,506,0,0,0,0
Heat,East,7,2023,0.537,-26.0,0.46,0.344,0.831,1955,3329,1106.0,655,243,1,1,3,0
Lakers,West,7,2023,0.524,47.0,0.482,0.346,0.775,2072,3748,1154.0,526,378,1,1,17,0
Hawks,East,8,2023,0.5,24.0,0.483,0.352,0.818,2049,3639,1060.0,580,401,0,0,1,0
Timberwolves,West,8,2023,0.512,-3.0,0.49,0.365,0.755,2145,3435,1258.0,657,444,1,0,0,0
Celtics,East,1,2024,0.78,930.0,0.487,0.388,0.807,2207,3799,979.0,557,538,2,1,17,1
Thunder,West,1,2024,0.695,608.0,0.499,0.389,0.825,2223,3447,1039.0,694,538,1,0,1,0
Nuggets,West,2,2024,0.695,431.0,0.496,0.374,0.762,2415,3643,1036.0,585,456,1,1,1,0
Knicks,East,2,2024,0.61,376.0,0.465,0.369,0.78,1998,3704,1085.0,612,336,1,0,2,0
Bucks,East,3,2024,0.598,215.0,0.487,0.373,0.774,2176,3622,1059.0,558,413,2,1,2,0
Timberwolves,West,3,2024,0.683,529.0,0.485,0.387,0.777,2184,3577,1162.0,647,497,2,0,0,0
Cavaliers,East,4,2024,0.585,198.0,0.479,0.367,0.765,2299,3549,1112.0,605,380,1,0,1,0
Clippers,West,4,2024,0.622,269.0,0.489,0.381,0.825,2097,3523,1078.0,640,413,2,0,0,0
Magic,East,5,2024,0.573,166.0,0.476,0.352,0.759,2023,3469,1206.0,669,423,1,0,0,0
Mavericks,West,5,2024,0.61,181.0,0.481,0.369,0.758,2106,3521,1027.0,563,406,1,0,1,0
Pacers,East,6,2024,0.573,250.0,0.507,0.374,0.782,2522,3405,1059.0,631,481,1,0,0,0
Suns,West,6,2024,0.598,251.0,0.493,0.382,0.808,2218,3614,1221.0,610,492,2,1,0,0
76ers,East,7,2024,0.573,250.0,0.464,0.363,0.826,2041,3522,984.0,694,492,1,0,3,0
Pelicans,West,7,2024,0.598,362.0,0.486,0.383,0.771,2210,3605,1067.0,684,378,0,0,0,0
Lakers,West,8,2024,0.573,49.0,0.499,0.377,0.782,2340,3535,1146.0,605,453,2,1,17,0
Heat,East,8,2024,0.561,144.0,0.465,0.37,0.818,2116,3468,1038.0,617,280,1,2,3,0
